D:/Final Fantasy/public/audio/music/battle-ffx.mp3	shipped
D:/Final Fantasy/public/audio/music/boss-dread.mp3	shipped
D:/Final Fantasy/public/audio/music/boss-evrae.mp3	shipped
D:/Final Fantasy/public/audio/music/boss-ffx2-aeon.mp3	shipped
D:/Final Fantasy/public/audio/music/boss-jecht.mp3	shipped
D:/Final Fantasy/public/audio/music/boss-seymour-macalania.mp3	shipped
D:/Final Fantasy/public/audio/music/boss-seymour.mp3	shipped
D:/Final Fantasy/public/audio/music/boss-shuyin.mp3	shipped
D:/Final Fantasy/public/audio/music/boss-vegnagun.mp3	shipped
D:/Final Fantasy/public/audio/music/boss-yojimbo.mp3	shipped
D:/Final Fantasy/public/audio/music/boss-yu-yevon.mp3	shipped
D:/Final Fantasy/public/audio/music/boss-yunalesca.mp3	shipped
D:/Final Fantasy/public/audio/music/chapter-select.mp3	shipped
D:/Final Fantasy/public/audio/music/ending-ffx.mp3	shipped
D:/Final Fantasy/public/audio/music/ending-ffx2.mp3	shipped
D:/Final Fantasy/public/audio/music/pause.mp3	shipped
D:/Final Fantasy/public/audio/music/scene-bevelle-underground.mp3	shipped
D:/Final Fantasy/public/audio/music/scene-dreams-end.mp3	shipped
D:/Final Fantasy/public/audio/music/scene-fahrenheit.mp3	shipped
D:/Final Fantasy/public/audio/music/scene-farplane.mp3	shipped
D:/Final Fantasy/public/audio/music/scene-gagazet.mp3	shipped
D:/Final Fantasy/public/audio/music/scene-macalania-temple.mp3	shipped
D:/Final Fantasy/public/audio/music/scene-zanarkand-dome.mp3	shipped
D:/Final Fantasy/public/audio/music/title.mp3	shipped
D:/Final Fantasy/public/audio/music/victory-ffx.mp3	shipped
D:/Final Fantasy/public/audio/music/victory-ffx2.mp3	shipped
D:/Tools/pyrefly-scratch/audio-pack-0926/01-title-today.mp3	pack0926-today
D:/Tools/pyrefly-scratch/audio-pack-0926/02-boss-seymour-today.mp3	pack0926-today
D:/Tools/pyrefly-scratch/audio-pack-0926/03-boss-shuyin-today.mp3	pack0926-today
D:/Tools/pyrefly-scratch/audio-pack-0926/04-boss-yojimbo-today.mp3	pack0926-today
D:/Tools/pyrefly-scratch/audio-pack-0926/05-direction-control-battle-ffx.mp3	pack-control
D:/Tools/pyrefly-scratch/audio-pack-0926/06-direction-a-renderer.mp3	pack-A
D:/Tools/pyrefly-scratch/audio-pack-0926/07-direction-b-acestep.mp3	pack-B
D:/Tools/pyrefly-scratch/audio-pack-0926/08-direction-c-layers.mp3	pack-C
D:/Tools/pyrefly-scratch/audio-pack-0926/09-macalania-a-frozen-temple.mp3	pack-macalania
D:/Tools/pyrefly-scratch/audio-pack-0926/10-macalania-b-wedding-proposal.mp3	pack-macalania
D:/Tools/pyrefly-scratch/audio-pack-0926/11-macalania-c-crystal-pyreflies.mp3	pack-macalania
D:/Final Fantasy/docs/audio/candidates/fb-0929/boss-ffx2-aeon-0-control-shipped-q5.mp3	fb0929-0-control
D:/Final Fantasy/docs/audio/candidates/fb-0929/boss-ffx2-aeon-O1-encode-v0.mp3	fb0929-O1
D:/Final Fantasy/docs/audio/candidates/fb-0929/boss-ffx2-aeon-O2-rebuild-v0.mp3	fb0929-O2
D:/Final Fantasy/docs/audio/candidates/fb-0929/boss-ffx2-aeon-O3-sampled-v0.mp3	fb0929-O3
D:/Final Fantasy/docs/audio/candidates/fb-0929/boss-seymour-0-control-shipped-q5.mp3	fb0929-0-control
D:/Final Fantasy/docs/audio/candidates/fb-0929/boss-seymour-O1-encode-v0.mp3	fb0929-O1
D:/Final Fantasy/docs/audio/candidates/fb-0929/boss-seymour-O2-rebuild-v0.mp3	fb0929-O2
D:/Final Fantasy/docs/audio/candidates/fb-0929/boss-seymour-O3-sampled-v0.mp3	fb0929-O3
D:/Final Fantasy/docs/audio/candidates/music-model-test/boss-ffx2-aeon-N1-newer-model-v0.mp3	N1
D:/Final Fantasy/docs/audio/candidates/music-model-test/boss-seymour-N1-newer-model-v0.mp3	N1
D:/Final Fantasy/docs/audio/remaster-2026-09-29/boss-seymour-macalania-R1-focus.mp3	remaster-R1
D:/Final Fantasy/docs/audio/remaster-2026-09-29/boss-seymour-macalania-R2-hall.mp3	remaster-R2
D:/Final Fantasy/docs/audio/remaster-2026-09-29/boss-seymour-macalania-R3-air.mp3	remaster-R3
D:/Final Fantasy/docs/audio/remaster-2026-09-29/macalania-a-R1-focus.mp3	remaster-R1
D:/Final Fantasy/docs/audio/remaster-2026-09-29/macalania-a-R2-hall.mp3	remaster-R2
D:/Final Fantasy/docs/audio/remaster-2026-09-29/macalania-a-R3-air.mp3	remaster-R3
D:/Final Fantasy/docs/audio/remaster-2026-09-29/macalania-b-R1-focus.mp3	remaster-R1
D:/Final Fantasy/docs/audio/remaster-2026-09-29/macalania-b-R2-hall.mp3	remaster-R2
D:/Final Fantasy/docs/audio/remaster-2026-09-29/macalania-b-R3-air.mp3	remaster-R3
D:/Final Fantasy/docs/audio/remaster-2026-09-29/macalania-c-R1-focus.mp3	remaster-R1
D:/Final Fantasy/docs/audio/remaster-2026-09-29/macalania-c-R2-hall.mp3	remaster-R2
D:/Final Fantasy/docs/audio/remaster-2026-09-29/macalania-c-R3-air.mp3	remaster-R3
D:/Final Fantasy/docs/audio/remaster-2026-09-29/scene-gagazet-R1-focus.mp3	remaster-R1
D:/Final Fantasy/docs/audio/remaster-2026-09-29/scene-gagazet-R2-hall.mp3	remaster-R2
D:/Final Fantasy/docs/audio/remaster-2026-09-29/scene-gagazet-R3-air.mp3	remaster-R3
D:/Tools/audio-libs/ear-references/egmont-musopen.flac	ref-orch
D:/Tools/audio-libs/ear-references/holst-suite1-march-usaf.mp3	ref-orch
D:/Tools/audio-libs/ear-references/macleod-big-rock.mp3	ref-game
D:/Tools/audio-libs/ear-references/macleod-crossing-the-chasm.mp3	ref-game
D:/Tools/audio-libs/ear-references/macleod-five-armies.mp3	ref-game
D:/Tools/audio-libs/ear-references/macleod-volatile-reaction.mp3	ref-game
D:/Tools/audio-libs/ear-references/mountain-king-musopen.ogg	ref-orch
D:/Tools/audio-libs/ear-references/spirits-of-fire-usafa.mp3	ref-orch
D:/Tools/audio-libs/ear-references/tchaik6-iii-musopen.flac	ref-orch
D:/Tools/pyrefly-scratch/audio-0930/ear/degraded/egmont-musopen-deg-hiss.wav	deg-hiss
D:/Tools/pyrefly-scratch/audio-0930/ear/degraded/egmont-musopen-deg-lofi.wav	deg-lofi
D:/Tools/pyrefly-scratch/audio-0930/ear/degraded/egmont-musopen-deg-tinny.wav	deg-tinny
D:/Tools/pyrefly-scratch/audio-0930/ear/degraded/macleod-big-rock-deg-hiss.wav	deg-hiss
D:/Tools/pyrefly-scratch/audio-0930/ear/degraded/macleod-big-rock-deg-lofi.wav	deg-lofi
D:/Tools/pyrefly-scratch/audio-0930/ear/degraded/macleod-big-rock-deg-tinny.wav	deg-tinny
D:/Tools/pyrefly-scratch/audio-0930/ear/degraded/macleod-five-armies-deg-hiss.wav	deg-hiss
D:/Tools/pyrefly-scratch/audio-0930/ear/degraded/macleod-five-armies-deg-lofi.wav	deg-lofi
D:/Tools/pyrefly-scratch/audio-0930/ear/degraded/macleod-five-armies-deg-tinny.wav	deg-tinny
